{"translation": [-183.62243975089805, -593.7129607604535, 1162.7376548521286], "rotation": [-1.8177309055731463, -0.4054937974872952, 2.1482935789264337]}