{"translation": [-2295.9027762013384, -7984.622183898004, 16437.72522409116], "rotation": [-1.6980864451493296, 0.2758618854591265, -2.387880782385785]}