{"translation": [-21.622775187396638, -114.26757486876888, 216.11323506976885], "rotation": [-1.698139645069951, -0.4263234165726086, 1.8997264615428022]}