{"translation": [-115.61693577994154, 20.152024315057186, 142.13415185894823], "rotation": [-2.929375694042979, -1.1761506654652003, 4.597212787068507]}