{"translation": [-1793.5345494056123, -5045.016845427116, 10768.368417038202], "rotation": [-1.2878537552235338, -0.033189313693143395, -1.4779199862529877]}