{"translation": [-25.44558825222765, -26.041273743838218, 87.15903709842372], "rotation": [-1.9150397340070493, -0.16471698731467194, 2.682830486760955]}