{"translation": [-252.6701074782772, -959.111495278516, 2126.354949968965], "rotation": [-1.3852922187786596, -0.6132123353282735, 1.0594691338987405]}