{"translation": [-348.1075574142738, -1497.0642633023788, 3490.665983134497], "rotation": [-1.5224845356598953, -0.4313779167624528, 1.2505503427553528]}