{"translation": [-1508.1380102883588, -5800.505474496758, 13744.003392155804], "rotation": [-1.9569712465425473, -0.021048087656308702, 2.379727149220068]}