{"translation": [-4.885285618333064, -1.023366973985014, 25.248512401298736], "rotation": [-1.5017946265002433, -0.8818785502940454, 0.4398421836630281]}