{"translation": [-3133.231522702454, -9011.673408001136, 17791.11222542506], "rotation": [-1.1343703629474613, -0.17225943956447906, -0.15303040905380746]}